ShopNumber,Turnover,Area
1,25.57324,0.09
2,35.18368,0.18
3,37.27008,0.27
4,38.18878,0.36
5,45.36968,0.45
6,60.48526,0.54
7,77.91288,0.63
8,89.90422,0.72
9,93.70907,0.81
