ShopNumber,Turnover,Area,AvgVisitors
1,25.57324,0.09,43.76449
2,35.18368,0.18,0.00000
3,37.27008,0.27,0.00000
4,38.18878,0.36,0.00000
5,45.36968,0.45,24.62511
6,60.48526,0.54,79.01015
7,77.91288,0.63,61.89032
8,89.90422,0.72,0.00000
9,93.70907,0.81,0.00000
